"","stems","completed"
"∈differenti","∈differenti","∈differentially"
"abi","abi","ability"
"abil","abil","ability"
"abl","abl","able"
"abm","abm","abm"
"abn","abn","abn"
"absenc","absenc","absence"
"absent","absent","absent"
"abstract","abstract","abstract"
"abus","abus","abuse"
"academ","academ","academic"
"accept","accept","accepted"
"access","access","access"
"accompani","accompani","accompanied"
"accord","accord","accordance"
"account","account","accountability"
"accountabilityindividu","accountabilityindividu","accountabilityindividual"
"accur","accur","accuracy"
"accuraci","accuraci",""
"achiev","achiev","achieve"
"acknowledg","acknowledg","acknowledging"
"aco","aco","acos"
"across","across","across"
"act","act","actual"
"action","action","actions"
"activ","activ","actively"
"actor","actor","actors"
"actual","actual","actual"
"adapt","adapt","adapt"
"addit","addit","additional"
"address","address","address"
"adequ","adequ","adequate"
"adequaci","adequaci",""
"adienc","adienc","adience"
"adject","adject","adjectives"
"adm","adm","adm"
"administr","administr","administrative"
"admiss","admiss","admissions"
"admit","admit","admitted"
"adopt","adopt","adopted"
"advantag","advantag","advantaged"
"advers","advers","adversarial"
"adversari","adversari","adversarial"
"advertis","advertis","advertising"
"affect","affect","affect"
"affin","affin","affinity"
"aforement","aforement","aforementioned"
"africa","africa","african"
"african","african","african"
"agarw","agarw","agarwal"
"age","age","agents"
"agenc","agenc","agency"
"agent","agent","agents"
"agentbas","agentbas","agentbased"
"aggrand","aggrand","aggrandized"
"aggreg","aggreg","aggregate"
"aggriev","aggriev","aggrieved"
"agreement","agreement","agreements"
"ahead","ahead","ahead"
"aiassist","aiassist","aiassisted"
"aibas","aibas","aibased"
"aid","aid","aiding"
"aiha","aiha","aihas"
"aim","aim","aim"
"akin","akin","akin"
"alexa","alexa","alexa"
"algorithm","algorithm","algorithmic"
"algorithmicallygener","algorithmicallygener","algorithmicallygenerated"
"algorithmintheloop","algorithmintheloop","algorithmintheloop"
"align","align","aligned"
"alik","alik","alike"
"alleg","alleg","alleged"
"allevi","allevi","alleviate"
"alloc","alloc","allocation"
"allow","allow","allows"
"almost","almost","almost"
"alon","alon","alone"
"along","along","along"
"also","also","also"
"alter","alter","alter"
"altern","altern","alternate"
"although","although","although"
"altlit","altlit","altlite"
"altogeth","altogeth","altogether"
"altright","altright","altright"
"alway","alway","always"
"amazon","amazon","amazon"
"ambigu","ambigu","ambiguous"
"amen","amen","amenable"
"american","american","american"
"among","among","among"
"amongst","amongst","amongst"
"amount","amount","amount"
"amplifi","amplifi",""
"analog","analog","analogs"
"analys","analys","analysis"
"analysi","analysi","analysis"
"analyst","analyst","analysts"
"analyt","analyt","analytical"
"analyz","analyz","analyze"
"angel","angel","angeles"
"annot","annot","annotation"
"announc","announc","announced"
"anoth","anoth","another"
"answer","answer","answer"
"ant","ant","anticipate"
"anticip","anticip","anticipate"
"api","api","api"
"appeal","appeal","appeals"
"appear","appear","appear"
"appli","appli","applications"
"applic","applic","applications"
"apportion","apportion","apportionment"
"apprehend","apprehend","apprehended"
"approach","approach","approach"
"appropri","appropri","appropriate"
"approv","approv","approval"
"approxim","approxim","approximation"
"arbit","arbit","arbitrary"
"arbitrari","arbitrari",""
"architectur","architectur","architectural"
"area","area","areas"
"argu","argu","argue"
"arguabl","arguabl","arguably"
"argument","argument","arguments"
"aris","aris","arise"
"around","around","around"
"array","array","array"
"arrest","arrest","arrested"
"arriv","arriv","arrive"
"art","art","artificial"
"articl","articl","article"
"articul","articul","articulate"
"artifact","artifact","artifact"
"artifici","artifici","artificial"
"ascrib","ascrib","ascribing"
"asid","asid","aside"
"ask","ask","asks"
"aspect","aspect","aspects"
"aspir","aspir","aspires"
"assess","assess","assessments"
"assign","assign","assign"
"assist","assist","assistance"
"associ","associ","associated"
"assum","assum","assumptions"
"assumpt","assumpt","assumptions"
"asymmetri","asymmetri",""
"atlant","atlant","atlantic"
"attack","attack","attacks"
"attempt","attempt","attempt"
"attend","attend","attending"
"attent","attent","attention"
"attitud","attitud","attitudes"
"attorney","attorney","attorneys"
"attract","attract","attracting"
"attribut","attribut","attributes"
"audienc","audienc","audience"
"audit","audit","audit"
"augment","augment","augmented"
"author","author","authorities"
"autoenrol","autoenrol","autoenrolled"
"autom","autom","automated"
"automaticallylearn","automaticallylearn","automaticallylearned"
"autonom","autonom","autonomous"
"autonomi","autonomi",""
"auxiliari","auxiliari",""
"avail","avail","available"
"avenu","avenu","avenues"
"averag","averag","average"
"avoid","avoid","avoid"
"awar","awar","awareness"
"axiom","axiom","axiomatization"
"axiomat","axiomat","axiomatization"
"back","back","back"
"backbon","backbon","backbone"
"background","background","background"
"bad","bad","bad"
"baidu","baidu","baidu"
"baik","baik","baike"
"bail","bail","bail"
"balanc","balanc","balancing"
"balancebas","balancebas","balancebased"
"bank","bank","banks"
"banzhaf","banzhaf","banzhaf"
"barrier","barrier","barriers"
"base","base","based"
"baselin","baselin","baselines"
"basi","basi","basis"
"basic","basic","basic"
"bayesian","bayesian","bayesian"
"bear","bear","bear"
"beat","beat","beating"
"becker","becker","becker"
"becom","becom","become"
"bed","bed","bed"
"bedrock","bedrock","bedrock"
"begin","begin","begin"
"begun","begun","begun"
"behav","behav","behavior"
"behavior","behavior","behavior"
"behaviour","behaviour","behaviour"
"behemoth","behemoth","behemoth"
"behind","behind","behind"
"beij","beij","beijing"
"believ","believ","believing"
"belong","belong","belonging"
"benchmark","benchmark","benchmark"
"benefic","benefic","beneficence"
"benefit","benefit","benefit"
"benevol","benevol","benevolence"
"bert","bert","bert"
"best","best","best"
"better","better","better"
"betweengroup","betweengroup","betweengroup"
"beygelzeim","beygelzeim","beygelzeimer"
"beyond","beyond","beyond"
"bias","bias","bias"
"biased","biased","biased"
"big","big","big"
"billion","billion","billion"
"binari","binari",""
"bioelectr","bioelectr","bioelectrical"
"biographi","biographi","biographies"
"bioimped","bioimped","bioimpedance"
"bioimpedancebas","bioimpedancebas","bioimpedancebased"
"biomark","biomark","biomarkers"
"biometr","biometr","biometrics"
"black","black","blacks"
"blackbox","blackbox","blackbox"
"blacklist","blacklist","blacklist"
"blendl","blendl","blendle"
"bleu","bleu","bleu"
"blind","blind","blind"
"block","block","blocked"
"blood","blood","blood"
"bodi","bodi","bodies"
"bona","bona","bona"
"boost","boost","boost"
"borrow","borrow","borrow"
"bot","bot","bots"
"bottom","bottom","bottom"
"bound","bound","boundary"
"boundari","boundari","boundaries"
"boven","boven","bovens"
"bovenss","bovenss","bovenss"
"box","box","box"
"bracket","bracket","bracketed"
"break","break","breaking"
"bridg","bridg","bridge"
"briefli","briefli",""
"bring","bring","bring"
"broad","broad","broadly"
"broader","broader","broader"
"brought","brought","brought"
"bruteforc","bruteforc","bruteforce"
"bubbl","bubbl","bubbles"
"budget","budget","budget"
"build","build","building"
"built","built","built"
"builtin","builtin","builtin"
"bulli","bulli",""
"bundl","bundl","bundle"
"burden","burden","burden"
"bureaucraci","bureaucraci","bureaucracies"
"busi","busi","business"
"calibr","calibr","calibrate"
"call","call","call"
"campaign","campaign","campaigns"
"can","can","can"
"candid","candid","candidate"
"canon","canon","canonically"
"capabl","capabl","capable"
"capac","capac","capacity"
"caption","caption","captioning"
"captur","captur","capture"
"car","car","care"
"card","card","cards"
"cardiologist","cardiologist","cardiologists"
"care","care","care"
"carlo","carlo","carlo"
"carri","carri",""
"case","case","case"
"casebycas","casebycas","casebycase"
"caseload","caseload","caseload"
"casespecif","casespecif","casespecific"
"cash","cash","cash"
"categor","categor","categories"
"categori","categori","categories"
"cater","cater","catering"
"caus","caus","causal"
"causal","causal","causal"
"caution","caution","caution"
"ceei","ceei","ceei"
"cegi","cegi","cegi"
"censor","censor","censorship"
"censorship","censorship","censorship"
"census","census","census"
"censusrepres","censusrepres","censusrepresentative"
"center","center","centers"
"central","central","central"
"centuri","centuri",""
"certain","certain","certain"
"chain","chain","chain"
"challeng","challeng","challenges"
"chanc","chanc","chances"
"chang","chang","change"
"channel","channel","channels"
"character","character","characterize"
"characteris","characteris","characteristics"
"characterist","characterist","characteristics"
"charter","charter","charter"
"check","check","checking"
"chest","chest","chest"
"child","child","child"
"childcar","childcar","childcare"
"china","china","china"
"chines","chines","chinese"
"choic","choic","choice"
"choos","choos","choose"
"chosen","chosen","chosen"
"chronic","chronic","chronic"
"cider","cider","cider"
"cifar","cifar","cifar"
"cilfit","cilfit","cilfit"
"circl","circl","circles"
"circul","circul","circular"
"circular","circular","circular"
"circumv","circumv","circumvent"
"citi","citi","citizens"
"citizen","citizen","citizens"
"cjeu","cjeu","cjeu"
"claim","claim","claims"
"clarifi","clarifi",""
"clariti","clariti",""
"class","class","classification"
"classic","classic","classic"
"classif","classif","classification"
"classifi","classifi","classification"
"clear","clear","clear"
"clinic","clinic","clinical"
"clinician","clinician","clinicians"
"close","close","close"
"cluster","cluster","clustering"
"code","code","codes"
"codesign","codesign","codesign"
"codevelop","codevelop","codeveloping"
"cognit","cognit","cognitive"
"coher","coher","coherent"
"cohes","cohes","cohesively"
"collabor","collabor","collaboration"
"collect","collect","collected"
"colleg","colleg","college"
"collegelevel","collegelevel","collegelevel"
"coloni","coloni","colonialism"
"combat","combat","combat"
"combin","combin","combined"
"come","come","come"
"commenc","commenc","commenced"
"commensur","commensur","commensurate"
"comment","comment","comments"
"commerci","commerci","commercial"
"commit","commit","committed"
"committe","committe","committed"
"common","common","common"
"communic","communic","communication"
"communiti","communiti","communities"
"communitybas","communitybas","communitybased"
"compani","compani","companies"
"compar","compar","comparison"
"comparison","comparison","comparison"
"compel","compel","compelled"
"compens","compens","compensate"
"compet","compet","competitive"
"competit","competit","competitive"
"complement","complement","complement"
"complementari","complementari",""
"complet","complet","completely"
"complex","complex","complex"
"complianc","complianc","compliance"
"complic","complic","complicate"
"compon","compon","components"
"composit","composit","composition"
"compound","compound","compound"
"comprehens","comprehens","comprehensive"
"compris","compris","comprise"
"comput","comput","computer"
"concept","concept","concept"
"conceptu","conceptu","conceptualization"
"concern","concern","concerns"
"conclud","conclud","conclude"
"conclus","conclus","conclusions"
"condit","condit","conditions"
"conduct","conduct","conduct"
"confid","confid","confidence"
"confirm","confirm","confirm"
"conflat","conflat","conflated"
"conflict","conflict","conflict"
"confus","confus","confusion"
"congest","congest","congestion"
"conjunct","conjunct","conjunction"
"connect","connect","connection"
"consensus","consensus","consensus"
"consent","consent","consent"
"consequ","consequ","consequences"
"consequenti","consequenti","consequential"
"conserv","conserv","conservative"
"consid","consid","consider"
"consider","consider","consider"
"consist","consist","consistency"
"constant","constant","constant"
"constitu","constitu","constituent"
"constitut","constitut","constitutes"
"constrain","constrain","constraints"
"constraint","constraint","constraints"
"construct","construct","construct"
"consum","consum","consumers"
"contain","contain","contained"
"contend","contend","contend"
"content","content","content"
"contentprovid","contentprovid","contentproviders"
"contest","contest","contested"
"contested","contested","contested"
"context","context","context"
"contextawar","contextawar","contextaware"
"contextdepend","contextdepend","contextdependent"
"contextu","contextu","contextual"
"contigu","contigu","contiguous"
"contin","contin","continent"
"continu","continu","continue"
"contract","contract","contract"
"contractu","contractu","contractual"
"contrari","contrari",""
"contrast","contrast","contrast"
"contribut","contribut","contribute"
"control","control","control"
"controversi","controversi","controversial"
"convent","convent","conventional"
"converg","converg","converges"
"convers","convers","conversations"
"convert","convert","converting"
"convinc","convinc","convince"
"cooper","cooper","cooperate"
"coordin","coordin","coordination"
"core","core","core"
"corona","corona","corona"
"corpor","corpor","corporate"
"corpus","corpus","corpuses"
"correct","correct","correctness"
"correl","correl","correlated"
"correspond","correspond","corresponding"
"corrupt","corrupt","corrupted"
"cost","cost","costs"
"costlier","costlier","costlier"
"count","count","counterfactual"
"counter","counter","counterfactual"
"counteract","counteract","counteract"
"counterfactu","counterfactu","counterfactual"
"countermeasur","countermeasur","countermeasures"
"counternarr","counternarr","counternarratives"
"counterpart","counterpart","counterpart"
"countervail","countervail","countervailing"
"countri","countri","countries"
"coupl","coupl","couple"
"cours","cours","course"
"covari","covari","covariate"
"cover","cover","coverage"
"coverag","coverag","coverage"
"covid","covid","covid"
"creat","creat","create"
"creation","creation","creation"
"credibl","credibl",""
"credit","credit","credit"
"creditworthi","creditworthi","creditworthiness"
"crime","crime","crime"
"crimin","crimin","criminal"
"crisi","crisi","crisis"
"criteria","criteria","criteria"
"criterion","criterion","criterion"
"critic","critic","critical"
"criticalnecessari","criticalnecessari",""
"critiqu","critiqu","critique"
"crossdataset","crossdataset","crossdataset"
"crosslingu","crosslingu","crosslingual"
"crosslinguist","crosslinguist","crosslinguistically"
"crosssect","crosssect","crosssectional"
"crosssector","crosssector","crosssectoral"
"crowd","crowd","crowd"
"crowdsourc","crowdsourc","crowdsourced"
"crucial","crucial","crucial"
"csand","csand","csand"
"cts","cts","cts"
"cultur","cultur","cultural"
"curat","curat","curated"
"currenc","currenc","currency"
"current","current","current"
"custom","custom","customized"
"cut","cut","cuts"
"cyberphys","cyberphys","cyberphysical"
"cycl","cycl","cycle"
"cyclic","cyclic","cyclical"
"cynic","cynic","cynical"
"damag","damag","damage"
"danger","danger","dangerously"
"dark","dark","dark"
"data","data","data"
"databasesw","databasesw","databaseswe"
"datadriven","datadriven","datadriven"
"datarel","datarel","datarelated"
"dataset","dataset","dataset"
"date","date","date"
"day","day","days"
"deal","deal","deal"
"dealt","dealt","dealt"
"dearth","dearth","dearth"
"death","death","death"
"debat","debat","debates"
"decent","decent","decenter"
"decept","decept","deception"
"decid","decid","decide"
"decis","decis","decisionmaking"
"decisionmak","decisionmak","decisionmaking"
"decisionsthey","decisionsthey","decisionsthey"
"decisionsupport","decisionsupport","decisionsupport"
"declar","declar","declarative"
"decompos","decompos","decomposed"
"decreas","decreas","decrease"
"deem","deem","deemed"
"deep","deep","deep"
"deeper","deeper","deeper"
"defend","defend","defendants"
"deficit","deficit","deficit"
"defin","defin","definitions"
"definit","definit","definitions"
"deflect","deflect","deflects"
"degre","degre","degrees"
"deleteri","deleteri","deleterious"
"deliber","deliber","deliberate"
"delicaci","delicaci",""
"deliv","deliv","deliver"
"demand","demand","demand"
"democraci","democraci",""
"democrat","democrat","democratic"
"demograph","demograph","demographic"
"demonstr","demonstr","demonstrate"
"deni","deni","denied"
"depend","depend","depend"
"deploy","deploy","deployed"
"depress","depress","depression"
"deriv","deriv","derivative"
"derog","derog","derogations"
"describ","describ","describe"
"descript","descript","descriptors"
"descriptor","descriptor","descriptors"
"deserv","deserv","deserve"
"desiderata","desiderata","desiderata"
"design","design","design"
"designar","designar","designare"
"desir","desir","desirable"
"despit","despit","despite"
"detach","detach","detaches"
"detail","detail","detailed"
"detect","detect","detect"
"determin","determin","determine"
"detriment","detriment","detriment"
"devalu","devalu","devaluation"
"devast","devast","devastating"
"develop","develop","development"
"diabet","diabet","diabetics"
"diagnos","diagnos","diagnosis"
"diagnosi","diagnosi","diagnosis"
"diagnost","diagnost","diagnostic"
"dichotomi","dichotomi",""
"dictat","dictat","dictate"
"differ","differ","different"
"differenti","differenti","differential"
"differents","differents","differentsized"
"difficult","difficult","difficult"
"difficulti","difficulti",""
"digit","digit","digital"
"digitallyimpl","digitallyimpl","digitallyimplemented"
"dilemma","dilemma","dilemmas"
"dimens","dimens","dimensions"
"dimension","dimension","dimensions"
"direct","direct","directive"
"disadvantag","disadvantag","disadvantaged"
"disagr","disagr","disagreement"
"disciplin","disciplin","disciplinary"
"disciplinari","disciplinari",""
"disclos","disclos","disclosure"
"disclosur","disclosur","disclosure"
"disconnect","disconnect","disconnect"
"discord","discord","discordance"
"discount","discount","discounts"
"discours","discours","discourse"
"discov","discov","discover"
"discoveri","discoveri",""
"discrep","discrep","discrepancies"
"discret","discret","discrete"
"discretionari","discretionari",""
"discrimin","discrimin","discrimination"
"discriminatori","discriminatori",""
"discuss","discuss","discuss"
"diseas","diseas","disease"
"disentangl","disentangl","disentangle"
"disinvest","disinvest","disinvestment"
"dislik","dislik","disliked"
"disord","disord","disorders"
"dispar","dispar","disparities"
"disparti","disparti","disparties"
"display","display","displayed"
"disposit","disposit","disposition"
"disproportion","disproportion","disproportionately"
"disrupt","disrupt","disruptions"
"dissimilar","dissimilar","dissimilarity"
"distanc","distanc","distance"
"distil","distil","distilled"
"distinct","distinct","distinct"
"distinguish","distinguish","distinguish"
"distort","distort","distort"
"distribut","distribut","distribution"
"district","district","district"
"distrust","distrust","distrust"
"disus","disus","disuse"
"diverg","diverg","divergent"
"divers","divers","diversity"
"diversif","diversif","diversification"
"divid","divid","divide"
"divis","divis","divisive"
"dnns","dnns","dnns"
"document","document","documents"
"dollar","dollar","dollars"
"domain","domain","domain"
"domin","domin","dominant"
"donat","donat","donation"
"done","done","done"
"dose","dose",""
"doubl","doubl","double"
"doubli","doubli",""
"downstream","downstream","downstream"
"dpia","dpia","dpias"
"dramat","dramat","dramatically"
"drastic","drastic","drastically"
"draw","draw","drawing"
"drawn","drawn","drawn"
"dress","dress","dressing"
"drive","drive","drive"
"driven","driven","driven"
"drug","drug","drug"
"dudik","dudik","dudik"
"due","due","due"
"dutch","dutch","dutch"
"dynam","dynam","dynamics"
"eager","eager","eager"
"earli","earli","earlier"
"earlier","earlier","earlier"
"easier","easier","easier"
"easili","easili",""
"echochamb","echochamb","echochamber"
"econom","econom","economic"
"ecosystem","ecosystem","ecosystem"
"educ","educ","education"
"effect","effect","effects"
"effectbas","effectbas","effectbased"
"efficaci","efficaci",""
"effici","effici","efficiency"
"effort","effort","efforts"
"egalitarian","egalitarian","egalitarian"
"either","either","either"
"elabor","elabor","elaborate"
"elast","elast","elastic"
"elect","elect","elections"
"element","element","elements"
"elev","elev","elevate"
"elicit","elicit","elicit"
"elid","elid","elide"
"elig","elig","eligible"
"elucid","elucid","elucidate"
"embed","embed","embedding"
"embrac","embrac","embrace"
"emerg","emerg","emerged"
"emot","emot","emotions"
"empir","empir","empirical"
"empiric","empiric","empirical"
"employ","employ","employer"
"empow","empow","empower"
"enabl","enabl","enable"
"enact","enact","enacts"
"encod","encod","encoded"
"encompass","encompass","encompassing"
"encount","encount","encounter"
"encourag","encourag","encouraging"
"encyclopedia","encyclopedia","encyclopedia"
"end","end","end"
"endow","endow","endowments"
"endtoend","endtoend","endtoend"
"energi","energi",""
"enforc","enforc","enforcement"
"engag","engag","engagement"
"engin","engin","engineering"
"english","english","english"
"enhanc","enhanc","enhancing"
"enjoy","enjoy","enjoys"
"enorm","enorm","enormous"
"enough","enough","enough"
"enrol","enrol","enrolled"
"enrolle","enrolle","enrolled"
"ensur","ensur","ensure"
"enter","enter","enter"
"entiti","entiti","entities"
"entitl","entitl","entitled"
"entranc","entranc","entrance"
"enumer","enumer","enumeration"
"envi","envi","environments"
"environ","environ","environments"
"environment","environment","environments"
"eop","eop","eop"
"eopan","eopan","eopan"
"epistem","epistem","epistemic"
"epistemolog","epistemolog","epistemological"
"equal","equal","equal"
"equat","equat","equations"
"equilibrium","equilibrium","equilibrium"
"equip","equip","equip"
"equit","equit","equity"
"equiti","equiti",""
"equival","equival","equivalent"
"era","era","era"
"erron","erron","erroneously"
"error","error","error"
"especi","especi","especially"
"essay","essay","essay"
"essenti","essenti","essential"
"establish","establish","established"
"estim","estim","estimators"
"etc","etc","etc"
"ethic","ethic","ethics"
"ethnic","ethnic","ethnic"
"ethnocentr","ethnocentr","ethnocentrism"
"ethnograph","ethnograph","ethnographic"
"european","european","european"
"eus","eus","eus"
"evalu","evalu","evaluation"
"even","even","even"
"event","event","event"
"ever","ever","ever"
"everi","everi",""
"everyday","everyday","everyday"
"everyth","everyth","everything"
"evid","evid","evidence"
"evok","evok","evokes"
"evolut","evolut","evolution"
"exacerb","exacerb","exacerbate"
"exact","exact","exact"
"exam","exam","example"
"examin","examin","examine"
"exampl","exampl","example"
"excess","excess","excesses"
"exclud","exclud","exclude"
"exclus","exclus","exclusion"
"exclusionari","exclusionari",""
"execut","execut","executes"
"exemplifi","exemplifi","exemplifies"
"exempt","exempt","exemptions"
"exercis","exercis","exercises"
"exhibit","exhibit","exhibits"
"exist","exist","existing"
"exit","exit","exit"
"expand","expand","expanding"
"expect","expect","expected"
"expenditur","expenditur","expenditure"
"expens","expens","expense"
"experi","experi","experiments"
"experiment","experiment","experiments"
"expert","expert","experts"
"expertis","expertis","expertise"
"explain","explain","explainability"
"explan","explan","explanations"
"explicit","explicit","explicitly"
"exploit","exploit","exploit"
"explor","explor","explore"
"exploratori","exploratori",""
"exponenti","exponenti","exponentially"
"expos","expos","expose"
"exposur","exposur","exposures"
"express","express","express"
"extend","extend","extend"
"extens","extens","extensive"
"extent","extent","extent"
"extern","extern","externalities"
"extra","extra","extracted"
"extract","extract","extracted"
"extrem","extrem","extreme"
"extrins","extrins","extrinsic"
"eye","eye","eye"
"face","face","face"
"facebook","facebook","facebook"
"facial","facial","facial"
"facil","facil","facilitate"
"facilit","facilit","facilitate"
"fact","fact","fact"
"factor","factor","factors"
"fail","fail","fails"
"failur","failur","failure"
"fair","fair","fairness"
"fairlloyd","fairlloyd","fairlloyd"
"fairmaml","fairmaml","fairmaml"
"fairml","fairml","fairml"
"fairnessawar","fairnessawar","fairnessaware"
"fairnessbas","fairnessbas","fairnessbased"
"fairnessori","fairnessori","fairnessoriented"
"fairshar","fairshar","fairshare"
"fake","fake","fake"
"fall","fall","fall"
"fals","fals","false"
"famili","famili",""
"far","far","far"
"farmer","farmer","farmers"
"farreach","farreach","farreaching"
"farright","farright","farright"
"fast","fast","fast"
"fatml","fatml","fatml"
"favor","favor","favorable"
"favorit","favorit","favorite"
"fea","fea","features"
"feasibl","feasibl",""
"featur","featur","features"
"featurehighlight","featurehighlight","featurehighlighting"
"feder","feder","federal"
"feedback","feedback","feedback"
"feel","feel","feel"
"fiction","fiction","fictional"
"fide","fide","fide"
"fidel","fidel","fidelity"
"field","field","field"
"fieldwork","fieldwork","fieldwork"
"fight","fight","fighting"
"filter","filter","filter"
"final","final","finally"
"financi","financi","financial"
"find","find","find"
"finegrain","finegrain","finegrained"
"finetun","finetun","finetuned"
"firm","firm","firm"
"first","first","first"
"firstclass","firstclass","firstclass"
"firstofitskind","firstofitskind","firstofitskind"
"fit","fit","fitzpatrick"
"fitbit","fitbit","fitbit"
"fitzpatrick","fitzpatrick","fitzpatrick"
"five","five","five"
"fix","fix","fixed"
"flag","flag","flag"
"flexibl","flexibl","flexible"
"flipset","flipset","flipset"
"fliptest","fliptest","fliptest"
"flow","flow","flows"
"fluenci","fluenci",""
"fnr","fnr","fnr"
"focal","focal","focal"
"focus","focus","focus"
"fold","fold","fold"
"foley","foley","foley"
"follow","follow","following"
"food","food","food"
"foodbank","foodbank","foodbank"
"foolproof","foolproof","foolproof"
"forc","forc","force"
"forecast","forecast","forecasting"
"foreshadow","foreshadow","foreshadow"
"form","form","form"
"formal","formal","formal"
"formalist","formalist","formalist"
"former","former","former"
"formul","formul","formulation"
"forth","forth","forth"
"forum","forum","forum"
"forward","forward","forward"
"foster","foster","foster"
"found","found","found"
"four","four","four"
"fpr","fpr","fpr"
"fraction","fraction","fraction"
"frame","frame","framework"
"framework","framework","framework"
"fraught","fraught","fraught"
"free","free","free"
"freedom","freedom","freedom"
"french","french","french"
"frequenc","frequenc","frequency"
"frequent","frequent","frequently"
"friction","friction","friction"
"fring","fring","fringe"
"fuel","fuel","fuel"
"full","full","full"
"fulli","fulli",""
"function","function","function"
"fund","fund","fundamental"
"fundament","fundament","fundamental"
"furthermor","furthermor","furthermore"
"futur","futur","future"
"gain","gain","gains"
"gap","gap","gap"
"gateway","gateway","gateways"
"gather","gather","gather"
"gdpr","gdpr","gdpr"
"gdprs","gdprs","gdprs"
"gender","gender","gender"
"general","general","general"
"generaliz","generaliz","generalization"
"generat","generat","generated"
"generic","generic","generic"
"geograph","geograph","geographic"
"german","german","german"
"get","get","get"
"give","give","given"
"given","given","given"
"glaub","glaub","glaube"
"glean","glean","gleaned"
"goal","goal","goals"
"goe","goe","goes"
"gone","gone","gone"
"good","good","good"
"govern","govern","governance"
"gpt","gpt","gpt"
"grade","grade","grades"
"gradient","gradient","gradient"
"gradientbas","gradientbas","gradientbased"
"gradual","gradual","gradually"
"grant","grant","grant"
"granular","granular","granularity"
"grasp","grasp","grasp"
"great","great","greater"
"greater","greater","greater"
"greek","greek","greek"
"grievanc","grievanc","grievances"
"ground","ground","ground"
"group","group","groups"
"groupbas","groupbas","groupbased"
"groupdepend","groupdepend","groupdependent"
"grouprepres","grouprepres","grouprepresentative"
"grow","grow","growing"
"guarante","guarante","guaranteed"
"guid","guid","guide"
"guidelin","guidelin","guidelines"
"gulf","gulf","gulf"
"gullibl","gullibl","gullible"
"half","half","half"
"hand","hand","hand"
"har","har","harms"
"harm","harm","harms"
"hbac","hbac","hbac"
"hdm","hdm","hdm"
"health","health","health"
"healthcar","healthcar","healthcare"
"heighten","heighten","heighten"
"help","help","help"
"henc","henc","hence"
"heterogen","heterogen","heterogeneous"
"heurist","heurist","heuristics"
"hidden","hidden","hidden"
"hierarchi","hierarchi","hierarchies"
"high","high","higher"
"higher","higher","higher"
"higherord","higherord","higherorder"
"highestrisk","highestrisk","highestrisk"
"highimpact","highimpact","highimpact"
"highlevel","highlevel","highlevel"
"highlight","highlight","highlight"
"highrisk","highrisk","highrisk"
"highstak","highstak","highstakes"
"hint","hint","hint"
"hire","hire","hired"
"histor","histor","history"
"histori","histori","historical"
"hoc","hoc","hoc"
"hold","hold","hold"
"holist","holist","holistic"
"hope","hope","hope"
"hospit","hospit","hospital"
"hotel","hotel","hotels"
"hous","hous","housing"
"howard","howard","howard"
"howev","howev","however"
"hss","hss","hss"
"httpsbitlytrafo","httpsbitlytrafo","httpsbitlytrafo"
"httpsgithubcomnvedantfairnessthroughrobust","httpsgithubcomnvedantfairnessthroughrobust","httpsgithubcomnvedantfairnessthroughrobustness"
"huge","huge","hugely"
"human","human","human"
"humancent","humancent","humancentered"
"humancentr","humancentr","humancentric"
"humancomput","humancomput","humancomputer"
"humanist","humanist","humanistic"
"humanleg","humanleg","humanlegible"
"hyperact","hyperact","hyperactive"
"hypertens","hypertens","hypertensives"
"hypothes","hypothes","hypothesized"
"hypothesi","hypothesi","hypothesized"
"iceberg","iceberg","iceberg"
"icml","icml","icml"
"idea","idea","idea"
"ideal","ideal","ideal"
"ident","ident","identify"
"identif","identif","identify"
"identifi","identifi","identification"
"ideolog","ideolog","ideologies"
"idw","idw","idw"
"ignor","ignor","ignores"
"iii","iii","iii"
"ill","ill","illustrate"
"illdefin","illdefin","illdefined"
"illequip","illequip","illequipped"
"illsuit","illsuit","illsuited"
"illumin","illumin","illuminates"
"illustr","illustr","illustrate"
"imag","imag","image"
"imbal","imbal","imbalances"
"immigr","immigr","immigration"
"impact","impact","impact"
"imped","imped","impedance"
"imperfect","imperfect","imperfect"
"implement","implement","implementation"
"implic","implic","implications"
"implicit","implicit","implicitly"
"import","import","important"
"impos","impos","imposing"
"imposs","imposs","impossible"
"impress","impress","impressive"
"improv","improv","improve"
"inabl","inabl",""
"inaccur","inaccur","inaccurate"
"inadequ","inadequ","inadequate"
"inadvert","inadvert","inadvertent"
"inappropri","inappropri","inappropriate"
"incent","incent","incentives"
"incentiv","incentiv","incentives"
"incid","incid","incidents"
"incit","incit","incite"
"includ","includ","including"
"inclus","inclus","inclusion"
"incom","incom","incomes"
"inconsist","inconsist","inconsistent"
"incorpor","incorpor","incorporate"
"incorrect","incorrect","incorrect"
"increas","increas","increasingly"
"increment","increment","incrementally"
"incur","incur","incurring"
"inde","inde","independent"
"independ","independ","independent"
"indepth","indepth","indepth"
"index","index","index"
"india","india","india"
"indic","indic","indicate"
"indicatorssuch","indicatorssuch","indicatorssuch"
"indiffer","indiffer","indifference"
"indistribut","indistribut","indistribution"
"individu","individu","individual"
"individuallytailor","individuallytailor","individuallytailored"
"indivis","indivis","indivisible"
"induc","induc","induce"
"industri","industri","industries"
"ineffect","ineffect","ineffective"
"inequ","inequ","inequality"
"inequalityreinforc","inequalityreinforc","inequalityreinforcing"
"inexpens","inexpens","inexpensive"
"infect","infect","infection"
"infer","infer","inference"
"infinit","infinit","infinitely"
"influenc","influenc","influence"
"inform","inform","information"
"informed","informed","informed"
"infrastructur","infrastructur","infrastructural"
"ingest","ingest","ingesting"
"inher","inher","inherent"
"inherit","inherit","inheriting"
"initi","initi","initiate"
"injustic","injustic","injustice"
"innov","innov","innovations"
"inpati","inpati","inpatient"
"input","input","input"
"inroad","inroad","inroads"
"insight","insight","insights"
"inspir","inspir","inspired"
"instanc","instanc","instances"
"instanti","instanti","instantiated"
"instead","instead","instead"
"institut","institut","institutional"
"instrument","instrument","instrument"
"insuffici","insuffici","insufficient"
"insur","insur","insurance"
"integ","integ","integer"
"integr","integr","integration"
"intellectu","intellectu","intellectual"
"intellig","intellig","intelligence"
"intend","intend","intended"
"intens","intens","intensive"
"intent","intent","intention"
"interact","interact","interaction"
"interag","interag","interagency"
"interchang","interchang","interchangeably"
"interdisciplinari","interdisciplinari",""
"interest","interest","interest"
"interfac","interfac","interfaces"
"intern","intern","internal"
"interorganiz","interorganiz","interorganizational"
"interperson","interperson","interpersonal"
"interplay","interplay","interplay"
"interpret","interpret","interpretation"
"interraci","interraci","interracial"
"intersect","intersect","intersectional"
"interven","interven","interventions"
"intervent","intervent","interventions"
"interview","interview","interviews"
"intrins","intrins","intrinsic"
"introduc","introduc","introduce"
"introduct","introduct","introduction"
"intuit","intuit","intuitive"
"invest","invest","investigate"
"investig","investig","investigate"
"invit","invit","invite"
"invok","invok","invoke"
"involv","involv","involve"
"ira","ira","ira"
"isol","isol","isolation"
"issu","issu","issues"
"italian","italian","italian"
"item","item","items"
"itembas","itembas","itembased"
"job","job","job"
"joint","joint","joint"
"journalist","journalist","journalistic"
"judg","judg","judges"
"judici","judici","judicial"
"just","just","justice"
"justic","justic","justice"
"justif","justif","justifications"
"justifi","justifi","justifications"
"kcluster","kcluster","kclustering"
"kearn","kearn","kearns"
"keep","keep","keep"
"key","key","key"
"kind","kind","kind"
"kmean","kmean","kmeans"
"kmedian","kmedian","kmedian"
"knearest","knearest","knearest"
"know","know","knowledge"
"knowledg","knowledg","knowledge"
"known","known","known"
"korean","korean","korean"
"kshot","kshot","kshot"
"label","label","labels"
"lack","lack","lack"
"landscap","landscap","landscape"
"langford","langford","langford"
"languag","languag","language"
"larg","larg","large"
"larger","larger","larger"
"largescal","largescal","largescale"
"last","last","last"
"latter","latter","latter"
"law","law","law"
"lay","lay","lay"
"layer","layer","layer"
"layman","layman","laymans"
"lead","lead","lead"
"leaderboard","leaderboard","leaderboards"
"learn","learn","learning"
"learner","learner","learner"
"learningdriven","learningdriven","learningdriven"
"learningtheoret","learningtheoret","learningtheoretic"
"least","least","least"
"leaveoneout","leaveoneout","leaveoneout"
"led","led","led"
"legaci","legaci","legacies"
"legal","legal","legal"
"legales","legales","legalese"
"legallyrelev","legallyrelev","legallyrelevant"
"legaltechn","legaltechn","legaltechnical"
"legibl","legibl","legible"
"legisl","legisl","legislation"
"legitim","legitim","legitimize"
"len","len","lending"
"lend","lend","lending"
"less","less","less"
"lesson","lesson","lessons"
"let","let","let"
"level","level","level"
"leverag","leverag","leverage"
"liber","liber","liberal"
"librari","librari",""
"life","life","life"
"lifecycl","lifecycl","lifecycle"
"light","light","light"
"like","like","like"
"likelihood","likelihood","likelihood"
"limit","limit","limitations"
"line","line","line"
"linear","linear","linear"
"linguist","linguist","linguistic"
"link","link","linkage"
"linkag","linkag","linkage"
"list","list","lists"
"literatur","literatur","literature"
"littl","littl","little"
"live","live","lives"
"livelihood","livelihood","livelihood"
"lloyd","lloyd","lloyds"
"loan","loan","loan"
"local","local","local"
"localis","localis","localising"
"locat","locat","location"
"logic","logic","logic"
"long","long","long"
"longestablish","longestablish","longestablished"
"longstand","longstand","longstanding"
"longtail","longtail","longtail"
"longterm","longterm","longterm"
"look","look","look"
"loop","loop","loop"
"los","los","loss"
"loss","loss","loss"
"lot","lot","lot"
"low","low","low"
"lower","lower","lower"
"lowest","lowest","lowest"
"lowrisk","lowrisk","lowrisk"
"loyalti","loyalti",""
"luck","luck","luck"
"machin","machin","machine"
"machinelearn","machinelearn","machinelearning"
"made","made","made"
"magnitud","magnitud","magnitude"
"main","main","main"
"maintain","maintain","maintaining"
"major","major","majority"
"make","make","make"
"maker","maker","makers"
"malici","malici","malicious"
"manag","manag","management"
"mani","mani","manipulation"
"manifest","manifest","manifested"
"manifold","manifold","manifold"
"manipul","manipul","manipulation"
"manner","manner","manner"
"manual","manual","manually"
"map","map","mapping"
"margin","margin","marginal"
"marit","marit","marital"
"mark","mark","mark"
"match","match","match"
"materi","materi","material"
"mathemat","mathemat","mathematical"
"matter","matter","matters"
"matthew","matthew","matthew"
"matur","matur","mature"
"maxim","maxim","maximize"
"maximum","maximum","maximum"
"may","may","may"
"mayjuli","mayjuli",""
"mcbrp","mcbrp","mcbrp"
"mean","mean","means"
"meaning","meaning","meaningful"
"meant","meant","meant"
"measur","measur","measure"
"mechan","mechan","mechanisms"
"media","media","media"
"medic","medic","medical"
"medicin","medicin","medicine"
"meet","meet","meet"
"member","member","membership"
"membership","membership","membership"
"memor","memor","memorization"
"mental","mental","mental"
"mere","mere","merely"
"merit","merit","merit"
"met","met","methods"
"metalearn","metalearn","metalearning"
"method","method","methods"
"methodolog","methodolog","methodological"
"metric","metric","metric"
"microcredit","microcredit","microcredit"
"might","might","might"
"migrat","migrat","migrate"
"mild","mild","mild"
"milder","milder","milder"
"million","million","million"
"mind","mind","mind"
"minim","minim","minimize"
"misdemeanor","misdemeanor","misdemeanor"
"misguid","misguid","misguided"
"mislead","mislead","misleading"
"mismatch","mismatch","mismatches"
"mismeasur","mismeasur","mismeasured"
"mispercept","mispercept","misperception"
"miss","miss","misses"
"misus","misus","misuse"
"mitig","mitig","mitigation"
"mix","mix","mixed"
"mixedmethod","mixedmethod","mixedmethod"
"modal","modal","modally"
"mode","mode","model"
"model","model","model"
"modelagnost","modelagnost","modelagnostic"
"modelcentr","modelcentr","modelcentric"
"moder","moder","modern"
"modern","modern","modern"
"modif","modif","modification"
"modular","modular","modular"
"moment","moment","moment"
"momentum","momentum","momentum"
"monitor","monitor","monitor"
"monoton","monoton","monotonic"
"mont","mont","monte"
"month","month","months"
"moral","moral","moral"
"moreov","moreov","moreover"
"mortgag","mortgag","mortgage"
"motiv","motiv","motivated"
"movielen","movielen","movielens"
"much","much","much"
"multidisciplinari","multidisciplinari",""
"multifacet","multifacet","multifaceted"
"multilay","multilay","multilayered"
"multilingu","multilingu","multilingualism"
"multiperspect","multiperspect","multiperspectivity"
"multipl","multipl","multiple"
"multitud","multitud","multitude"
"must","must","must"
"mutual","mutual","mutual"
"myth","myth","myth"
"naiv","naiv","naively"
"name","name","namely"
"narrat","narrat","narratives"
"narrow","narrow","narrowly"
"narrowli","narrowli",""
"nation","nation","national"
"nationwid","nationwid","nationwide"
"nativ","nativ","natively"
"natur","natur","natural"
"near","near","nearly"
"nearest","nearest","nearest"
"necess","necess","necessarily"
"necessari","necessari","necessarily"
"necessarili","necessarili",""
"necessit","necessit","necessitates"
"need","need","need"
"neel","neel","neel"
"negat","negat","negative"
"neglect","neglect","neglect"
"neglig","neglig","negligible"
"negoti","negoti","negotiated"
"neighbour","neighbour","neighbour"
"neither","neither","neither"
"net","net","networks"
"network","network","networks"
"neural","neural","neural"
"nevertheless","nevertheless","nevertheless"
"new","new","new"
"newli","newli",""
"news","news","news"
"next","next","next"
"nlp","nlp","nlp"
"nois","nois","noise"
"noisi","noisi",""
"nomin","nomin","nominally"
"nonafrican","nonafrican","nonafrican"
"nonbinari","nonbinari",""
"nonconform","nonconform","nonconformity"
"nonequ","nonequ","nonequals"
"nonfunct","nonfunct","nonfunctional"
"nonprofit","nonprofit","nonprofits"
"nontarget","nontarget","nontargeted"
"nontechn","nontechn","nontechnical"
"nontrivi","nontrivi","nontrivial"
"nonvulner","nonvulner","nonvulnerable"
"norm","norm","normative"
"normat","normat","normative"
"notar","notar","notare"
"notion","notion","notion"
"novel","novel","novel"
"novelti","novelti",""
"now","now","now"
"nuanc","nuanc","nuances"
"number","number","number"
"nytim","nytim","nytimes"
"obfusc","obfusc","obfuscate"
"object","object","objective"
"oblig","oblig","obligations"
"obscur","obscur","obscure"
"observ","observ","observations"
"obtain","obtain","obtain"
"obvious","obvious","obvious"
"occup","occup","occupation"
"occur","occur","occur"
"odd","odd","odds"
"offens","offens","offenses"
"offer","offer","offer"
"offic","offic","official"
"offici","offici","official"
"offlin","offlin","offline"
"offset","offset","offset"
"often","often","often"
"omit","omit","omits"
"one","one","one"
"ongo","ongo","ongoing"
"onlin","onlin","online"
"onto","onto","onto"
"opaqu","opaqu","opaque"
"open","open","open"
"oper","oper","operationalization"
"operation","operation","operationalization"
"operationalis","operationalis","operationalisation"
"opinion","opinion","opinions"
"opportun","opportun","opportunity"
"oppos","oppos","opposed"
"opposit","opposit","opposite"
"oppress","oppress","oppressed"
"optim","optim","optimal"
"optimizationbas","optimizationbas","optimizationbased"
"option","option","option"
"oracl","oracl","oracles"
"orchestr","orchestr","orchestrate"
"order","order","order"
"organ","organ","organizations"
"organis","organis","organisational"
"organiz","organiz","organizations"
"orient","orient","orientations"
"origin","origin","original"
"ostensiblycolorblind","ostensiblycolorblind","ostensiblycolorblind"
"other","other","others"
"otherwis","otherwis","otherwise"
"outcom","outcom","outcomes"
"outlin","outlin","outline"
"output","output","output"
"outreach","outreach","outreach"
"outsid","outsid","outside"
"outwardfac","outwardfac","outwardfacing"
"overal","overal","overall"
"overclaim","overclaim","overclaiming"
"overcom","overcom","overcomes"
"overload","overload","overload"
"overlook","overlook","overlooked"
"overrid","overrid","overriding"
"oversight","oversight","oversight"
"overview","overview","overview"
"packag","packag","packaging"
"paint","paint","paint"
"pair","pair","pairs"
"pairwis","pairwis","pairwise"
"paper","paper","paper"
"paradigm","paradigm","paradigm"
"paradox","paradox","paradox"
"parallel","parallel","parallel"
"paramet","paramet","parameterize"
"parameter","parameter","parameterize"
"pari","pari","parity"
"pariti","pariti",""
"part","part","particular"
"parti","parti","particular"
"partial","partial","partial"
"particip","particip","participants"
"participatori","participatori",""
"particular","particular","particular"
"pass","pass","passing"
"past","past","past"
"path","path","paths"
"patient","patient","patients"
"pattern","pattern","patterns"
"pave","pave","pave"
"pay","pay","pays"
"pedagogi","pedagogi",""
"peopl","peopl","people"
"per","per","performance"
"perceiv","perceiv","perceived"
"percentag","percentag","percentage"
"percept","percept","perceptions"
"perfect","perfect","perfectly"
"perform","perform","performance"
"perhap","perhap","perhaps"
"period","period","period"
"perpetr","perpetr","perpetrated"
"person","person","personalized"
"persona","persona","personalized"
"perspect","perspect","perspective"
"perturb","perturb","perturbed"
"pervas","pervas","pervasive"
"pervers","pervers","perversely"
"phenomenon","phenomenon","phenomenon"
"phenotyp","phenotyp","phenotypic"
"philadelphia","philadelphia","philadelphia"
"philosoph","philosoph","philosophers"
"philosophi","philosophi",""
"physiolog","physiolog","physiological"
"pick","pick","picks"
"pictur","pictur","picture"
"pilot","pilot","pilot"
"pipelin","pipelin","pipeline"
"pitfal","pitfal","pitfalls"
"place","place","place"
"plan","plan","planned"
"platform","platform","platform"
"play","play","play"
"plea","plea","plea"
"point","point","points"
"polar","polar","polarization"
"polic","polic","policy"
"polici","polici","policies"
"policymak","policymak","policymaking"
"polit","polit","political"
"politifact","politifact","politifact"
"poll","poll","polling"
"polynomi","polynomi","polynomial"
"polytop","polytop","polytope"
"poor","poor","poor"
"popul","popul","population"
"popular","popular","popular"
"populationlevel","populationlevel","populationlevel"
"portugues","portugues","portuguese"
"pose","pose","pose"
"posit","posit","positive"
"possibl","possibl","possible"
"post","post","posterior"
"posterior","posterior","posterior"
"postprocess","postprocess","postprocessed"
"posttransl","posttransl","posttranslation"
"pot","pot","potential"
"potenti","potenti","potential"
"poverti","poverti",""
"povertybas","povertybas","povertybased"
"power","power","power"
"powercent","powercent","powercentered"
"practic","practic","practice"
"practition","practition","practitioners"
"precis","precis","precision"
"predevelop","predevelop","predevelopment"
"predict","predict","predictions"
"predictor","predictor","predictor"
"prefer","prefer","preferences"
"preliminari","preliminari",""
"prerequisit","prerequisit","prerequisites"
"presenc","presenc","presence"
"present","present","present"
"presentday","presentday","presentday"
"preserv","preserv","preserving"
"press","press","press"
"pressur","pressur","pressure"
"pretrain","pretrain","pretrained"
"pretrial","pretrial","pretrial"
"prevail","prevail","prevail"
"preval","preval","prevalent"
"prevent","prevent","prevent"
"previous","previous","previous"
"price","price","price"
"primari","primari","primarily"
"primarili","primarili",""
"primit","primit","primitive"
"princip","princip","principles"
"principl","principl","principles"
"prior","prior","prior"
"priori","priori","prioritized"
"priorit","priorit","prioritized"
"prioriti","prioriti","prioritized"
"prisma","prisma","prisma"
"privaci","privaci",""
"privat","privat","private"
"proactiv","proactiv","proactive"
"probabl","probabl",""
"probe","probe","probe"
"problem","problem","problems"
"problemat","problemat","problematic"
"procedur","procedur","procedural"
"process","process","process"
"produc","produc","produce"
"product","product","product"
"profession","profession","professional"
"profil","profil","profiling"
"profitori","profitori","profitoriented"
"profound","profound","profoundly"
"program","program","program"
"programm","programm","programming"
"progress","progress","progress"
"project","project","project"
"prolifer","prolifer","proliferates"
"promin","promin","prominence"
"promis","promis","promises"
"promot","promot","promote"
"prompt","prompt","prompted"
"pronounsin","pronounsin","pronounsin"
"propag","propag","propagate"
"proper","proper","properties"
"properti","properti","properties"
"proport","proport","proportion"
"propos","propos","propose"
"proprietari","proprietari",""
"proprietorship","proprietorship","proprietorship"
"prospect","prospect","prospect"
"protect","protect","protection"
"protest","protest","protest"
"provabl","provabl","provably"
"prove","prove","prove"
"provid","provid","provide"
"provis","provis","provision"
"proxi","proxi","proxies"
"proxybas","proxybas","proxybased"
"psycholog","psycholog","psychological"
"public","public","public"
"publiclyobserv","publiclyobserv","publiclyobservable"
"publicpriv","publicpriv","publicprivate"
"publish","publish","published"
"purchas","purchas","purchase"
"pure","pure","pure"
"purport","purport","purported"
"purpos","purpos","purpose"
"pursu","pursu","pursue"
"push","push","pushed"
"put","put","put"
"python","python","python"
"qualif","qualif","qualifications"
"qualifi","qualifi","qualifications"
"qualit","qualit","quality"
"qualiti","qualiti","qualities"
"quantifi","quantifi",""
"quantit","quantit","quantitative"
"queri","queri","queries"
"queryeffici","queryeffici","queryefficient"
"question","question","questions"
"quick","quick","quickly"
"quo","quo","quo"
"race","race","race"
"racebas","racebas","racebased"
"racial","racial","racial"
"radic","radic","radicalization"
"radiolog","radiolog","radiology"
"radiologist","radiologist","radiologists"
"rai","rai","rais"
"rainbow","rainbow","rainbow"
"rais","rais","rais"
"ramif","ramif","ramifications"
"random","random","randomized"
"rang","rang","range"
"rank","rank","ranking"
"rapid","rapid","rapidly"
"rare","rare","rarely"
"rate","rate","rates"
"rather","rather","rather"
"ration","ration","rationale"
"rational","rational","rationale"
"raw","raw","raw"
"reach","reach","reachable"
"reachabl","reachabl","reachable"
"reaction","reaction","reactions"
"read","read","reading"
"real","real","real"
"realism","realism","realism"
"realismthat","realismthat","realismthat"
"realist","realist","realist"
"realiti","realiti","realities"
"realiz","realiz","realize"
"reallif","reallif","reallife"
"realworld","realworld","realworld"
"reason","reason","reasonable"
"rebutt","rebutt","rebuttal"
"recalibr","recalibr","recalibrating"
"receiv","receiv","receiving"
"recent","recent","recent"
"recidiv","recidiv","recidivism"
"recogn","recogn","recognized"
"recognit","recognit","recognition"
"recommend","recommend","recommendations"
"reconstruct","reconstruct","reconstructing"
"recontextualis","recontextualis","recontextualise"
"record","record","record"
"recordkeep","recordkeep","recordkeeping"
"recours","recours","recourse"
"recur","recur","recursive"
"recurs","recurs","recursive"
"redlist","redlist","redlist"
"reduc","reduc","reduce"
"reduct","reduct","reduction"
"refer","refer","refer"
"reflect","reflect","reflect"
"refocus","refocus","refocusing"
"regard","regard","regarding"
"regress","regress","regression"
"regul","regul","regularly"
"regular","regular","regularly"
"regulatori","regulatori",""
"reimagin","reimagin","reimagine"
"reinforc","reinforc","reinforce"
"relat","relat","related"
"relationship","relationship","relationships"
"releas","releas","release"
"relev","relev","relevant"
"relevantand","relevantand","relevantand"
"reli","reli","reliable"
"reliabl","reliabl","reliable"
"relu","relu","relu"
"remain","remain","remains"
"remark","remark","remarkably"
"remedi","remedi","remedies"
"remov","remov","removal"
"render","render","render"
"repaid","repaid","repaid"
"repercuss","repercuss","repercussions"
"replac","replac","replace"
"report","report","report"
"repres","repres","representative"
"represent","represent","representative"
"repress","repress","repression"
"reproduc","reproduc","reproduce"
"repurpos","repurpos","repurposing"
"reput","reput","reputation"
"requir","requir","requirements"
"rerank","rerank","reranking"
"research","research","research"
"resolv","resolv","resolve"
"resourc","resourc","resources"
"resourceconstrain","resourceconstrain","resourceconstrained"
"resourceintens","resourceintens","resourceintensive"
"respect","respect","respect"
"respond","respond","respond"
"respons","respons","responses"
"rest","rest","rested"
"restrict","restrict","restrictions"
"result","result","results"
"retain","retain","retaining"
"reus","reus","reused"
"reveal","reveal","reveal"
"revenu","revenu","revenue"
"revers","revers","reversing"
"review","review","review"
"revis","revis","revised"
"reward","reward","reward"
"rgb","rgb","rgb"
"rich","rich","rich"
"right","right","rights"
"rigor","rigor","rigorous"
"rise","rise","rise"
"risk","risk","risk"
"road","road","road"
"roadmap","roadmap","roadmap"
"robust","robust","robust"
"role","role","roles"
"roman","roman","roman"
"romanian","romanian","romanian"
"root","root","roots"
"roth","roth","roth"
"rough","rough","roughly"
"rule","rule","rule"
"run","run","running"
"runtim","runtim","runtime"
"russian","russian","russian"
"safeguard","safeguard","safeguards"
"safeti","safeti",""
"sale","sale","sales"
"salient","salient","salient"
"sampl","sampl","sample"
"sanction","sanction","sanction"
"satisfact","satisfact","satisfaction"
"satisfactorili","satisfactorili",""
"satisfi","satisfi","satisfies"
"saw","saw","saw"
"say","say","say"
"scalabl","scalabl","scalable"
"scale","scale","scale"
"scarc","scarc","scarce"
"scenario","scenario","scenarios"
"scholarship","scholarship","scholarship"
"school","school","school"
"scienc","scienc","science"
"sciencesuch","sciencesuch","sciencesuch"
"scientif","scientif","scientific"
"scientist","scientist","scientists"
"scope","scope","scope"
"scopus","scopus","scopus"
"score","score","score"
"scrub","scrub","scrubbed"
"scrutin","scrutin","scrutinize"
"scrutinyaccount","scrutinyaccount","scrutinyaccountability"
"scs","scs","scs"
"search","search","search"
"second","second","second"
"secret","secret","secret"
"section","section","sections"
"sector","sector","sector"
"see","see","seeks"
"seek","seek","seeks"
"seem","seem","seem"
"seen","seen","seen"
"select","select","select"
"selfcensorship","selfcensorship","selfcensorship"
"selfevid","selfevid","selfevident"
"selfknowledg","selfknowledg","selfknowledge"
"seller","seller","sellers"
"semant","semant","semantic"
"semiot","semiot","semiotic"
"sens","sens","sensitive"
"sensit","sensit","sensitive"
"sentenc","sentenc","sentencing"
"sepsi","sepsi","sepsis"
"seri","seri","series"
"serious","serious","serious"
"serv","serv","service"
"servic","servic","service"
"set","set","set"
"sever","sever","several"
"sex","sex","sex"
"sexgend","sexgend","sexgender"
"shaki","shaki",""
"shape","shape","shapes"
"share","share","share"
"sharpestposs","sharpestposs","sharpestpossible"
"shed","shed","shed"
"sheer","sheer","sheer"
"sheet","sheet","sheet"
"shehui","shehui","shehui"
"shift","shift","shift"
"short","short","short"
"show","show","show"
"shown","shown","shown"
"sick","sick","sick"
"side","side","side"
"signal","signal","signal"
"signific","signific","significant"
"silent","silent","silent"
"similar","similar","similar"
"simpl","simpl","simple"
"simpli","simpli","simplicity"
"simplic","simplic","simplicity"
"simplifi","simplifi","simplifies"
"simul","simul","simulated"
"simultan","simultan","simultaneously"
"sinc","sinc","since"
"singl","singl","single"
"siren","siren","siren"
"site","site","sites"
"situat","situat","situated"
"six","six","six"
"size","size","size"
"sketch","sketch","sketches"
"skin","skin","skin"
"slap","slap","slapping"
"slaveri","slaveri",""
"slight","slight","slightly"
"small","small","small"
"smaller","smaller","smaller"
"smart","smart","smart"
"smile","smile",""
"smooth","smooth","smoothing"
"snope","snope","snopes"
"socal","socal","socalled"
"social","social","social"
"societ","societ","society"
"societi","societi",""
"societyalt","societyalt","societyaltering"
"sociocultur","sociocultur","sociocultural"
"socioeconom","socioeconom","socioeconomic"
"sociolog","sociolog","sociology"
"sociologist","sociologist","sociologist"
"sociotechn","sociotechn","sociotechnical"
"softwar","softwar","software"
"sole","sole","solely"
"solidifi","solidifi",""
"solut","solut","solutions"
"solv","solv","solve"
"solver","solver","solver"
"someth","someth","something"
"sometim","sometim","sometimes"
"sophist","sophist","sophisticated"
"sought","sought","sought"
"sourc","sourc","source"
"sovereignti","sovereignti",""
"space","space","space"
"spammer","spammer","spammers"
"spanish","spanish","spanish"
"speak","speak","speak"
"special","special","special"
"specif","specif","specific"
"specifi","specifi","specific"
"spectrum","spectrum","spectrum"
"spell","spell","spell"
"spliddit","spliddit","spliddit"
"spread","spread","spread"
"stabil","stabil","stability"
"stabl","stabl","stable"
"stage","stage","stage"
"stakehold","stakehold","stakeholders"
"stanc","stanc","stance"
"standard","standard","standards"
"start","start","start"
"state","state","state"
"statement","statement","statement"
"stateoftheart","stateoftheart","stateoftheart"
"static","static","static"
"statist","statist","statistical"
"status","status","status"
"stay","stay","stayed"
"stem","stem","stems"
"step","step","step"
"stereotyp","stereotyp","stereotypes"
"still","still","still"
"stimul","stimul","stimulates"
"stoke","stoke","stoke"
"stori","stori","stories"
"storytel","storytel","storytelling"
"strateg","strateg","strategic"
"strategi","strategi","strategic"
"strategyrobust","strategyrobust","strategyrobustness"
"strength","strength","strengths"
"strict","strict","strict"
"strike","strike","strike"
"strong","strong","strong"
"structur","structur","structure"
"student","student","students"
"studi","studi","studies"
"studiesinfluenc","studiesinfluenc","studiesinfluenced"
"stv","stv","stv"
"subgroup","subgroup","subgroups"
"subject","subject","subject"
"subordin","subordin","subordinate"
"subpopul","subpopul","subpopulations"
"subsequ","subsequ","subsequent"
"subset","subset","subsets"
"subsid","subsid","subsidies"
"subsidi","subsidi","subsidies"
"substanc","substanc","substance"
"substant","substant","substantial"
"substanti","substanti","substantial"
"success","success","success"
"suffer","suffer","suffer"
"suffici","suffici","sufficient"
"suggest","suggest","suggest"
"suicid","suicid","suicide"
"suit","suit","suitable"
"suitabl","suitabl","suitable"
"sum","sum","sum"
"summar","summar","summary"
"summari","summari","summarization"
"superfici","superfici","superficially"
"superior","superior","superiors"
"supervis","supervis","supervised"
"supplement","supplement","supplement"
"suppli","suppli",""
"support","support","support"
"suppos","suppos","supposed"
"surfac","surfac","surfacing"
"surpris","surpris","surprisingly"
"surrend","surrend","surrenders"
"surrog","surrog","surrogate"
"surround","surround","surrounding"
"survey","survey","survey"
"suscept","suscept","susceptible"
"swedish","swedish","swedish"
"switchc","switchc","switchc"
"syllabi","syllabi","syllabi"
"synecdoch","synecdoch","synecdoche"
"synonym","synonym","synonymous"
"synthet","synthet","synthetic"
"system","system","systems"
"systemat","systemat","systematic"
"tackl","tackl","tackled"
"tagalog","tagalog","tagalog"
"tailor","tailor","tailoring"
"take","take","take"
"taken","taken","taken"
"target","target","targeted"
"task","task","tasks"
"taught","taught","taught"
"taxonomi","taxonomi",""
"teach","teach","teach"
"teacher","teacher","teacher"
"team","team","team"
"teamand","teamand","teamand"
"teas","teas","teasing"
"tech","tech","technical"
"technic","technic","technical"
"techniqu","techniqu","techniques"
"technolog","technolog","technology"
"technologist","technologist","technologists"
"templat","templat","template"
"tempor","tempor","temporally"
"tension","tension","tension"
"tentat","tentat","tentative"
"term","term","terms"
"test","test","test"
"testb","testb","testbed"
"text","text","text"
"themand","themand","themand"
"theme","theme","theme"
"themi","themi","themie"
"theoret","theoret","theoretical"
"theori","theori",""
"therebi","therebi",""
"therefor","therefor","therefore"
"theyr","theyr","theyre"
"thing","thing","things"
"think","think","thinking"
"thinkingalgorithm","thinkingalgorithm","thinkingalgorithmic"
"third","third","third"
"thirdparti","thirdparti",""
"thismust","thismust","thismust"
"though","though","though"
"thought","thought","thought"
"threaten","threaten","threatens"
"three","three","three"
"threshold","threshold","threshold"
"throughout","throughout","throughout"
"thus","thus","thus"
"tilt","tilt","tilt"
"time","time","time"
"timeconsum","timeconsum","timeconsuming"
"tip","tip","tip"
"tixi","tixi","tixi"
"today","today","today"
"togeth","togeth","together"
"tool","tool","tools"
"toolkit","toolkit","toolkit"
"top","top","topics"
"topic","topic","topics"
"topicrelev","topicrelev","topicrelevant"
"topk","topk","topk"
"topm","topm","topm"
"total","total","total"
"tout","tout","tout"
"toward","toward","towards"
"toxic","toxic","toxic"
"trace","trace","trace"
"tractabl","tractabl","tractable"
"traction","traction","traction"
"tradeoff","tradeoff","tradeoff"
"tradit","tradit","traditional"
"traffic","traffic","traffic"
"train","train","training"
"trait","trait","trait"
"tran","tran","transparency"
"transact","transact","transaction"
"transfer","transfer","transferring"
"transform","transform","transform"
"transgend","transgend","transgender"
"translat","translat","translation"
"transpar","transpar","transparency"
"transport","transport","transport"
"trap","trap","traps"
"treat","treat","treatment"
"treatment","treatment","treatment"
"trend","trend","trend"
"treu","treu","treu"
"trick","trick","trick"
"tripadvisor","tripadvisor","tripadvisor"
"tripl","tripl","triple"
"true","true","true"
"truli","truli",""
"trust","trust","trust"
"trustworthi","trustworthi","trustworthiness"
"truth","truth","truth"
"turk","turk","turk"
"turn","turn","turn"
"twentieth","twentieth","twentieth"
"twitter","twitter","twitter"
"two","two","two"
"twolay","twolay","twolayer"
"twostag","twostag","twostage"
"type","type","type"
"typic","typic","typically"
"ultim","ultim","ultimately"
"unaccount","unaccount","unaccountable"
"unambigu","unambigu","unambiguous"
"unbias","unbias","unbiased"
"uncensor","uncensor","uncensored"
"uncertain","uncertain","uncertain"
"uncertainti","uncertainti",""
"uncheck","uncheck","unchecked"
"uncov","uncov","uncover"
"und","und","understand"
"under","under","understand"
"underexamin","underexamin","underexamined"
"underexplor","underexplor","underexplored"
"undermin","undermin","undermines"
"underperform","underperform","underperformed"
"underpin","underpin","underpinnings"
"underscor","underscor","underscores"
"underserv","underserv","underserved"
"understand","understand","understand"
"understood","understood","understood"
"undertak","undertak","undertake"
"underway","underway","underway"
"underwritten","underwritten","underwritten"
"undesir","undesir","undesirable"
"undetect","undetect","undetected"
"unduli","unduli",""
"unequ","unequ","unequal"
"unexpected","unexpected","unexpectedness"
"unfair","unfair","unfairness"
"unfavor","unfavor","unfavorable"
"unfortun","unfortun","unfortunately"
"unicorn","unicorn","unicorns"
"unidentifi","unidentifi","unidentifiable"
"unifi","unifi","unified"
"union","union","union"
"uniqu","uniqu","unique"
"unit","unit","unit"
"univers","univers","universities"
"univoc","univoc","univocal"
"unless","unless","unless"
"unlik","unlik","unlike"
"unlock","unlock","unlocks"
"unobserv","unobserv","unobservable"
"unobtrus","unobtrus","unobtrusive"
"unpredict","unpredict","unpredictable"
"unquest","unquest","unquestioning"
"unrealist","unrealist","unrealistic"
"unreport","unreport","unreported"
"unstabl","unstabl","unstable"
"untruth","untruth","untruthful"
"unusu","unusu","unusual"
"unwarr","unwarr","unwarranted"
"upon","upon","upon"
"upsid","upsid","upsides"
"usabl","usabl",""
"usag","usag","usage"
"usbas","usbas","usbased"
"use","use","users"
"user","user","users"
"uss","uss","uss"
"usual","usual","usually"
"util","util","utility"
"utkfac","utkfac","utkface"
"utmost","utmost","utmost"
"vaccin","vaccin","vaccine"
"valid","valid","validity"
"valu","valu","value"
"valuabl","valuabl","valuable"
"valuat","valuat","valuation"
"vari","vari","variety"
"variabl","variabl","variables"
"varian","varian","varian"
"variant","variant","variants"
"varieti","varieti",""
"various","various","various"
"vehicl","vehicl","vehicle"
"verifi","verifi",""
"versatil","versatil","versatile"
"version","version","version"
"versus","versus","versus"
"via","via","via"
"viabl","viabl","viable"
"video","video","videos"
"view","view","viewpoint"
"viewpoint","viewpoint","viewpoint"
"vigor","vigor","vigorous"
"violat","violat","violations"
"visibl","visibl","visible"
"vision","vision","vision"
"visit","visit","visits"
"visual","visual","visualizations"
"voic","voic","voice"
"volum","volum","volume"
"vote","vote","vote"
"vulner","vulner","vulnerability"
"wallach","wallach","wallach"
"warn","warn","warnings"
"warrant","warrant","warranted"
"wast","wast","waste"
"watch","watch","watch"
"watchdog","watchdog","watchdog"
"wave","wave","wave"
"way","way","way"
"waysand","waysand","waysand"
"weaker","weaker","weaker"
"web","web","web"
"websit","websit","website"
"weigh","weigh","weight"
"weight","weight","weight"
"welfar","welfar","welfare"
"well","well","well"
"wellintent","wellintent","wellintentioned"
"westcentr","westcentr","westcentric"
"western","western","western"
"westerncentr","westerncentr","westerncentric"
"whenev","whenev","whenever"
"wherea","wherea","whereas"
"wherebi","wherebi",""
"wherein","wherein","wherein"
"wherev","wherev","wherever"
"whether","whether","whether"
"white","white","white"
"whole","whole","whole"
"whose","whose","whose"
"wide","wide","widely"
"widespread","widespread","widespread"
"wikipedia","wikipedia","wikipedia"
"wild","wild","wild"
"will","will","willing"
"window","window","window"
"wisdom","wisdom","wisdom"
"with","with","within"
"withhold","withhold","withholding"
"within","within","within"
"withinbudget","withinbudget","withinbudget"
"withingroup","withingroup","withingroup"
"without","without","without"
"word","word","words"
"work","work","work"
"worker","worker","workers"
"world","world","world"
"worldand","worldand","worldand"
"worseoffeven","worseoffeven","worseoffeven"
"write","write","write"
"xai","xai","xai"
"xinyong","xinyong","xinyong"
"xit","xit","xit"
"xray","xray","xray"
"year","year","years"
"yearlong","yearlong","yearlong"
"yelp","yelp","yelp"
"yet","yet","yet"
"yield","yield","yields"
"yit","yit","yit"
"youtub","youtub","youtube"
"社会信用体系","社会信用体系","社会信用体系"
